;image;nnodes;width;height;npixels;runtime
0;val_157.png;13554;480;270;129600;451
1;val_084.png;6288;480;270;129600;317
2;val_178.png;17482;480;270;129600;450
3;val_153.png;11583;480;270;129600;376
4;val_003.png;11938;480;270;129600;385
5;val_062.png;16064;480;270;129600;443
6;val_151.png;19121;480;270;129600;444
7;val_092.png;16437;480;270;129600;560
8;val_033.png;15006;480;270;129600;435
9;val_061.png;14637;480;270;129600;495
10;val_123.png;10545;480;270;129600;422
11;val_023.png;18766;480;270;129600;507
12;val_047.png;19165;480;270;129600;536
13;val_145.png;9430;480;270;129600;375
14;val_170.png;11519;480;270;129600;481
15;val_169.png;17167;480;270;129600;513
16;val_078.png;11058;480;270;129600;425
17;val_114.png;10329;480;270;129600;326
18;val_043.png;17766;480;270;129600;514
19;val_034.png;15739;480;270;129600;353
20;val_045.png;10706;480;270;129600;448
21;val_168.png;17199;480;270;129600;517
22;val_201.png;16198;480;270;129600;470
23;val_113.png;11022;480;270;129600;364
24;val_005.png;11602;480;270;129600;409
25;val_186.png;16479;480;270;129600;436
26;val_196.png;13331;480;270;129600;462
27;val_140.png;12212;480;270;129600;381
28;val_150.png;17327;480;270;129600;446
29;val_174.png;19515;480;270;129600;531
30;val_020.png;15545;480;270;129600;438
31;val_164.png;17895;480;270;129600;477
32;val_011.png;19503;480;270;129600;450
33;val_116.png;20011;480;270;129600;451
34;val_046.png;19760;480;270;129600;424
35;val_066.png;10646;480;270;129600;367
36;val_107.png;8896;480;270;129600;371
37;val_096.png;14819;480;270;129600;481
38;val_029.png;19144;480;270;129600;472
39;val_009.png;12864;480;270;129600;462
40;val_090.png;15711;480;270;129600;468
41;val_111.png;12073;480;270;129600;381
42;val_132.png;18994;480;270;129600;504
43;val_130.png;16666;480;270;129600;439
44;val_060.png;16951;480;270;129600;450
45;val_050.png;12528;480;270;129600;392
46;val_018.png;10040;480;270;129600;356
47;val_058.png;29845;480;270;129600;555
48;val_064.png;16502;480;270;129600;474
49;val_079.png;14651;480;270;129600;386
50;val_134.png;8499;480;270;129600;397
51;val_065.png;15738;480;270;129600;388
52;val_105.png;20788;480;270;129600;498
53;val_052.png;8913;480;270;129600;340
54;val_198.png;19712;480;270;129600;515
55;val_189.png;15903;480;270;129600;430
56;val_074.png;13416;480;270;129600;401
57;val_104.png;12804;480;270;129600;416
58;val_053.png;12249;480;270;129600;455
59;val_099.png;19643;480;270;129600;546
60;val_121.png;19723;480;270;129600;507
61;val_037.png;15802;480;270;129600;451
62;val_072.png;17747;480;270;129600;432
63;val_194.png;16877;480;270;129600;437
64;val_026.png;16757;480;270;129600;467
65;val_081.png;12434;480;270;129600;426
66;val_070.png;14772;480;270;129600;439
67;val_125.png;29784;480;270;129600;463
68;val_154.png;27253;480;270;129600;521
69;val_177.png;10929;480;270;129600;402
70;val_004.png;16482;480;270;129600;457
71;val_128.png;13322;480;270;129600;385
72;val_166.png;11143;480;270;129600;367
73;val_021.png;21678;480;270;129600;491
74;val_162.png;14274;480;270;129600;433
75;val_094.png;14248;480;270;129600;400
76;val_055.png;24140;480;270;129600;522
77;val_187.png;11832;480;270;129600;436
78;val_147.png;17160;480;270;129600;399
79;val_073.png;18662;480;270;129600;521
80;val_142.png;16836;480;270;129600;492
81;val_093.png;20724;480;270;129600;464
82;val_048.png;28896;480;270;129600;512
83;val_089.png;19305;480;270;129600;492
84;val_171.png;16656;480;270;129600;461
85;val_017.png;16093;480;270;129600;408
86;val_000.png;17026;480;270;129600;458
87;val_118.png;9766;480;270;129600;312
88;val_071.png;23706;480;270;129600;493
89;val_016.png;7594;480;270;129600;353
90;val_102.png;12577;480;270;129600;387
91;val_108.png;10034;480;270;129600;393
92;val_002.png;15799;480;270;129600;388
93;val_063.png;13274;480;270;129600;457
94;val_100.png;16846;480;270;129600;464
95;val_040.png;9794;480;270;129600;362
96;val_115.png;16794;480;270;129600;449
97;val_042.png;16316;480;270;129600;493
98;val_110.png;14148;480;270;129600;480
99;val_197.png;15177;480;270;129600;405
100;val_190.png;18924;480;270;129600;495
101;val_086.png;17993;480;270;129600;497
102;val_103.png;20983;480;270;129600;529
103;val_041.png;11220;480;270;129600;447
104;val_135.png;14352;480;270;129600;420
105;val_085.png;12318;480;270;129600;412
106;val_012.png;15882;480;270;129600;500
107;val_010.png;13126;480;270;129600;487
108;val_184.png;25657;480;270;129600;527
109;val_158.png;16351;480;270;129600;431
110;val_156.png;13318;480;270;129600;449
111;val_088.png;7898;480;270;129600;331
112;val_163.png;12384;480;270;129600;440
113;val_054.png;14602;480;270;129600;419
114;val_083.png;20733;480;270;129600;504
115;val_028.png;18863;480;270;129600;447
116;val_022.png;18029;480;270;129600;503
117;val_032.png;7933;480;270;129600;442
118;val_120.png;17970;480;270;129600;468
119;val_191.png;20252;480;270;129600;454
120;val_075.png;19624;480;270;129600;506
121;val_176.png;5196;480;270;129600;281
122;val_030.png;14666;480;270;129600;449
123;val_188.png;18250;480;270;129600;510
124;val_007.png;11046;480;270;129600;409
125;val_175.png;10669;480;270;129600;355
126;val_117.png;14273;480;270;129600;424
127;val_144.png;13404;480;270;129600;438
128;val_138.png;21333;480;270;129600;503
129;val_152.png;15836;480;270;129600;483
130;val_101.png;19606;480;270;129600;448
131;val_161.png;16178;480;270;129600;497
132;val_155.png;14722;480;270;129600;434
133;val_200.png;19059;480;270;129600;514
134;val_031.png;11176;480;270;129600;385
135;val_133.png;19208;480;270;129600;466
136;val_109.png;12068;480;270;129600;394
137;val_139.png;14776;480;270;129600;479
138;val_136.png;19710;480;270;129600;504
139;val_036.png;10189;480;270;129600;356
140;val_148.png;16542;480;270;129600;427
141;val_183.png;15462;480;270;129600;456
142;val_027.png;14176;480;270;129600;457
143;val_013.png;10852;480;270;129600;398
144;val_131.png;13323;480;270;129600;432
145;val_039.png;18878;480;270;129600;446
146;val_129.png;14338;480;270;129600;420
147;val_119.png;17276;480;270;129600;502
148;val_149.png;13276;480;270;129600;444
149;val_001.png;12577;480;270;129600;399
150;val_165.png;12251;480;270;129600;421
151;val_159.png;13923;480;270;129600;444
152;val_014.png;26379;480;270;129600;534
153;val_098.png;15871;480;270;129600;495
154;val_049.png;12435;480;270;129600;392
155;val_143.png;10045;480;270;129600;397
156;val_059.png;6777;480;270;129600;398
157;val_192.png;17358;480;270;129600;553
158;val_006.png;19106;480;270;129600;483
159;val_082.png;13665;480;270;129600;474
160;val_185.png;8808;480;270;129600;350
161;val_035.png;9467;480;270;129600;322
162;val_179.png;16580;480;270;129600;449
163;val_044.png;14855;480;270;129600;390
164;val_127.png;16054;480;270;129600;456
165;val_076.png;8746;480;270;129600;367
166;val_025.png;15428;480;270;129600;451
167;val_160.png;14069;480;270;129600;445
168;val_024.png;13574;480;270;129600;367
169;val_167.png;10041;480;270;129600;411
170;val_124.png;13870;480;270;129600;422
171;val_068.png;12324;480;270;129600;400
172;val_019.png;16922;480;270;129600;491
173;val_015.png;28879;480;270;129600;488
174;val_172.png;16863;480;270;129600;440
175;val_057.png;12642;480;270;129600;443
176;val_095.png;10805;480;270;129600;373
177;val_137.png;14036;480;270;129600;512
178;val_122.png;13279;480;270;129600;439
179;val_182.png;15209;480;270;129600;451
180;val_106.png;12395;480;270;129600;466
181;val_056.png;14966;480;270;129600;428
182;val_193.png;16847;480;270;129600;457
183;val_199.png;16560;480;270;129600;476
184;val_077.png;13162;480;270;129600;453
185;val_126.png;15061;480;270;129600;469
186;val_146.png;13949;480;270;129600;428
187;val_173.png;13893;480;270;129600;479
188;val_051.png;15784;480;270;129600;432
189;val_112.png;10475;480;270;129600;377
190;val_091.png;17633;480;270;129600;427
191;val_008.png;19790;480;270;129600;552
192;val_180.png;10789;480;270;129600;385
193;val_181.png;12306;480;270;129600;440
194;val_087.png;14861;480;270;129600;366
195;val_097.png;14283;480;270;129600;388
196;val_195.png;15919;480;270;129600;371
197;val_038.png;9122;480;270;129600;365
198;val_069.png;10614;480;270;129600;381
199;val_080.png;12313;480;270;129600;436
200;val_141.png;13551;480;270;129600;418
201;val_067.png;14979;480;270;129600;450
